C00_V0008.mp4,007074
C00_V0069.mp4,021589
C00_V0009.mp4,026819
C00_V0031.mp4,002318
C00_V0070.mp4,011629
C00_V0008.mp4,006089
C00_V0030.mp4,009048
C00_V0051.mp4,008326
C00_V0059.mp4,008804
C00_V0099.mp4,022932
C00_V0026.mp4,002817
C00_V0076.mp4,020326
C00_V0040.mp4,003169
C00_V0030.mp4,009081
C02_V0078.mp4,058122
C00_V0008.mp4,006171
C00_V0048.mp4,022084
C00_V0019.mp4,002910
C00_V0011.mp4,003196
C00_V0009.mp4,025316
C00_V0081.mp4,013938
C00_V0009.mp4,025478
C00_V0031.mp4,007081
C00_V0044.mp4,019619
C00_V0008.mp4,006605
C00_V0095.mp4,005482
C02_V0076.mp4,035264
C00_V0058.mp4,008346
C00_V0049.mp4,009648
C01_V0044.mp4,015349
C00_V0031.mp4,007009
C00_V0042.mp4,026145
C00_V0046.mp4,008720
C00_V0058.mp4,007625
C00_V0059.mp4,008790
C00_V0008.mp4,005735
C00_V0049.mp4,021118
C00_V0030.mp4,009700
C00_V0008.mp4,006530
C00_V0009.mp4,024647
C00_V0055.mp4,003287
C00_V0071.mp4,003109
C00_V0063.mp4,003640
C00_V0064.mp4,009199
C00_V0030.mp4,008851
C00_V0003.mp4,020265
C01_V0025.mp4,002397
C00_V0085.mp4,027249
C01_V0019.mp4,008148
C01_V0044.mp4,018823
C00_V0095.mp4,003868
C00_V0023.mp4,002542
C01_V0044.mp4,013965
C00_V0039.mp4,009980
C00_V0036.mp4,006036
C00_V0036.mp4,020807
C01_V0002.mp4,013824
C00_V0031.mp4,006666
C02_V0082.mp4,055852
C01_V0029.mp4,015380
C00_V0074.mp4,001916
C01_V0079.mp4,002798
C00_V0052.mp4,005969
C00_V0025.mp4,010745
C00_V0003.mp4,005926
C02_V0078.mp4,028576
C00_V0054.mp4,023380
C00_V0069.mp4,010517
C01_V0022.mp4,009088
C01_V0077.mp4,020137
C01_V0044.mp4,014354
C00_V0057.mp4,018136
C00_V0026.mp4,003679
C00_V0033.mp4,014429
C00_V0062.mp4,007580
C00_V0009.mp4,027135
C00_V0077.mp4,020835
C00_V0001.mp4,016304
C00_V0076.mp4,017117
C00_V0082.mp4,010100
C00_V0031.mp4,012638
C00_V0092.mp4,002514
C00_V0062.mp4,005916
C00_V0067.mp4,009160
C00_V0049.mp4,020763
C01_V0016.mp4,005861
C02_V0043.mp4,023040
C00_V0017.mp4,012556
C02_V0097.mp4,022400
C00_V0058.mp4,011799
C00_V0072.mp4,011965
C00_V0076.mp4,020222
C00_V0031.mp4,006781
C00_V0042.mp4,006650
C00_V0074.mp4,027424
